{"_id":{"$oid":"571786ca7fdc0dc3e063130d"},"direccion":{"edificio":"1007","coord":[-73.856077,40.848447],"street":"Morris Park Ave","zipcode":"10462"},"barrio":"Bronx","cocina":"Bakery","grades":[{"fecha":{"$date":"2014-03-03T00:00:00.000Z"},"grado":"A","puntos":2},{"fecha":{"$date":"2013-09-11T00:00:00.000Z"},"grado":"A","puntos":6},{"fecha":{"$date":"2013-01-24T00:00:00.000Z"},"grado":"A","puntos":10},{"fecha":{"$date":"2011-11-23T00:00:00.000Z"},"grado":"A","puntos":9},{"fecha":{"$date":"2011-03-10T00:00:00.000Z"},"grado":"B","puntos":14}],"nombre":"Morris Park Bake Shop","restaurant_id":"30075445","clientes_diarios":660.0,"precio_medio":100.5914278199136}
{"_id":{"$oid":"571786ca7fdc0dc3e063130e"},"direccion":{"edificio":"469","coord":[-73.961704,40.662942],"street":"Flatbush Avenue","zipcode":"11225"},"barrio":"Brooklyn","cocina":"Hamburgers","grades":[{"fecha":{"$date":"2014-12-30T00:00:00.000Z"},"grado":"A","puntos":8},{"fecha":{"$date":"2014-07-01T00:00:00.000Z"},"grado":"B","puntos":23},{"fecha":{"$date":"2013-04-30T00:00:00.000Z"},"grado":"A","puntos":12},{"fecha":{"$date":"2012-05-08T00:00:00.000Z"},"grado":"A","puntos":12}],"nombre":"Wendy'S","restaurant_id":"30112340","clientes_diarios":376.0,"precio_medio":104.34226910353271}
{"_id":{"$oid":"571786ca7fdc0dc3e063130f"},"direccion":{"edificio":"351","coord":[-73.98513559999999,40.7676919],"street":"West   57 Street","zipcode":"10019"},"barrio":"Manhattan","cocina":"Irish","grades":[{"fecha":{"$date":"2014-09-06T00:00:00.000Z"},"grado":"A","puntos":2},{"fecha":{"$date":"2013-07-22T00:00:00.000Z"},"grado":"A","puntos":11},{"fecha":{"$date":"2012-07-31T00:00:00.000Z"},"grado":"A","puntos":12},{"fecha":{"$date":"2011-12-29T00:00:00.000Z"},"grado":"A","puntos":12}],"nombre":"Dj Reynolds Pub And Restaurant","restaurant_id":"30191841","clientes_diarios":393.0,"precio_medio":6.776043472644218}
{"_id":{"$oid":"571786ca7fdc0dc3e0631310"},"direccion":{"edificio":"8825","coord":[-73.8803827,40.7643124],"street":"Astoria Boulevard","zipcode":"11369"},"barrio":"Queens","cocina":"American ","grades":[{"fecha":{"$date":"2014-11-15T00:00:00.000Z"},"grado":"Z","puntos":38},{"fecha":{"$date":"2014-05-02T00:00:00.000Z"},"grado":"A","puntos":10},{"fecha":{"$date":"2013-03-02T00:00:00.000Z"},"grado":"A","puntos":7},{"fecha":{"$date":"2012-02-10T00:00:00.000Z"},"grado":"A","puntos":13}],"nombre":"Brunos On The Boulevard","restaurant_id":"40356151","clientes_diarios":535.0,"precio_medio":75.7235325715806}
{"_id":{"$oid":"571786ca7fdc0dc3e0631311"},"direccion":{"edificio":"97-22","coord":[-73.8601152,40.7311739],"street":"63 Road","zipcode":"11374"},"barrio":"Queens","cocina":"Jewish/Kosher","grades":[{"fecha":{"$date":"2014-11-24T00:00:00.000Z"},"grado":"Z","puntos":20},{"fecha":{"$date":"2013-01-17T00:00:00.000Z"},"grado":"A","puntos":13},{"fecha":{"$date":"2012-08-02T00:00:00.000Z"},"grado":"A","puntos":13},{"fecha":{"$date":"2011-12-15T00:00:00.000Z"},"grado":"B","puntos":25}],"nombre":"Tov Kosher Kitchen","restaurant_id":"40356068","clientes_diarios":705.0,"precio_medio":5.48125313579972}
{"_id":{"$oid":"571786ca7fdc0dc3e0631312"},"direccion":{"edificio":"2780","coord":[-73.98241999999999,40.579505],"street":"Stillwell Avenue","zipcode":"11224"},"barrio":"Brooklyn","cocina":"American ","grades":[{"fecha":{"$date":"2014-06-10T00:00:00.000Z"},"grado":"A","puntos":5},{"fecha":{"$date":"2013-06-05T00:00:00.000Z"},"grado":"A","puntos":7},{"fecha":{"$date":"2012-04-13T00:00:00.000Z"},"grado":"A","puntos":12},{"fecha":{"$date":"2011-10-12T00:00:00.000Z"},"grado":"A","puntos":12}],"nombre":"Riviera Caterer","restaurant_id":"40356018","clientes_diarios":924.0,"precio_medio":91.96709866644557}
{"_id":{"$oid":"571786ca7fdc0dc3e0631313"},"direccion":{"edificio":"7114","coord":[-73.9068506,40.6199034],"street":"Avenue U","zipcode":"11234"},"barrio":"Brooklyn","cocina":"Delicatessen","grades":[{"fecha":{"$date":"2014-05-29T00:00:00.000Z"},"grado":"A","puntos":10},{"fecha":{"$date":"2014-01-14T00:00:00.000Z"},"grado":"A","puntos":10},{"fecha":{"$date":"2013-08-03T00:00:00.000Z"},"grado":"A","puntos":8},{"fecha":{"$date":"2012-07-18T00:00:00.000Z"},"grado":"A","puntos":10},{"fecha":{"$date":"2012-03-09T00:00:00.000Z"},"grado":"A","puntos":13},{"fecha":{"$date":"2011-10-14T00:00:00.000Z"},"grado":"A","puntos":9}],"nombre":"Wilken'S Fine Food","restaurant_id":"40356483","clientes_diarios":446.0,"precio_medio":31.37980177112942}
{"_id":{"$oid":"571786ca7fdc0dc3e0631314"},"direccion":{"edificio":"2206","coord":[-74.1377286,40.6119572],"street":"Victory Boulevard","zipcode":"10314"},"barrio":"Staten Island","cocina":"Jewish/Kosher","grades":[{"fecha":{"$date":"2014-10-06T00:00:00.000Z"},"grado":"A","puntos":9},{"fecha":{"$date":"2014-05-20T00:00:00.000Z"},"grado":"A","puntos":12},{"fecha":{"$date":"2013-04-04T00:00:00.000Z"},"grado":"A","puntos":12},{"fecha":{"$date":"2012-01-24T00:00:00.000Z"},"grado":"A","puntos":9}],"nombre":"Kosher Island","restaurant_id":"40356442","clientes_diarios":210.0,"precio_medio":84.35418916907288}
{"_id":{"$oid":"571786ca7fdc0dc3e0631315"},"direccion":{"edificio":"1839","coord":[-73.9482609,40.6408271],"street":"Nostrand Avenue","zipcode":"11226"},"barrio":"Brooklyn","cocina":"Ice Cream, Gelato, Yogurt, Ices","grades":[{"fecha":{"$date":"2014-07-14T00:00:00.000Z"},"grado":"A","puntos":12},{"fecha":{"$date":"2013-07-10T00:00:00.000Z"},"grado":"A","puntos":8},{"fecha":{"$date":"2012-07-11T00:00:00.000Z"},"grado":"A","puntos":5},{"fecha":{"$date":"2012-02-23T00:00:00.000Z"},"grado":"A","puntos":8}],"nombre":"Taste The Tropics Ice Cream","restaurant_id":"40356731","clientes_diarios":1019.0,"precio_medio":88.91929705397936}
{"_id":{"$oid":"571786ca7fdc0dc3e0631316"},"direccion":{"edificio":"2300","coord":[-73.8786113,40.8502883],"street":"Southern Boulevard","zipcode":"10460"},"barrio":"Bronx","cocina":"American ","grades":[{"fecha":{"$date":"2014-05-28T00:00:00.000Z"},"grado":"A","puntos":11},{"fecha":{"$date":"2013-06-19T00:00:00.000Z"},"grado":"A","puntos":4},{"fecha":{"$date":"2012-06-15T00:00:00.000Z"},"grado":"A","puntos":3}],"nombre":"Wild Asia","restaurant_id":"40357217","clientes_diarios":880.0,"precio_medio":69.56668819235206}
{"_id":{"$oid":"571786ca7fdc0dc3e0631317"},"direccion":{"edificio":"6409","coord":[-74.00528899999999,40.628886],"street":"11 Avenue","zipcode":"11219"},"barrio":"Brooklyn","cocina":"American ","grades":[{"fecha":{"$date":"2014-07-18T00:00:00.000Z"},"grado":"A","puntos":12},{"fecha":{"$date":"2013-07-30T00:00:00.000Z"},"grado":"A","puntos":12},{"fecha":{"$date":"2013-02-13T00:00:00.000Z"},"grado":"A","puntos":11},{"fecha":{"$date":"2012-08-16T00:00:00.000Z"},"grado":"A","puntos":2},{"fecha":{"$date":"2011-08-17T00:00:00.000Z"},"grado":"A","puntos":11}],"nombre":"Regina Caterers","restaurant_id":"40356649","clientes_diarios":555.0,"precio_medio":84.81035329478003}
{"_id":{"$oid":"571786ca7fdc0dc3e0631318"},"direccion":{"edificio":"7715","coord":[-73.9973325,40.61174889999999],"street":"18 Avenue","zipcode":"11214"},"barrio":"Brooklyn","cocina":"American ","grades":[{"fecha":{"$date":"2014-04-16T00:00:00.000Z"},"grado":"A","puntos":5},{"fecha":{"$date":"2013-04-23T00:00:00.000Z"},"grado":"A","puntos":2},{"fecha":{"$date":"2012-04-24T00:00:00.000Z"},"grado":"A","puntos":5},{"fecha":{"$date":"2011-12-16T00:00:00.000Z"},"grado":"A","puntos":2}],"nombre":"C \u0026 C Catering Service","restaurant_id":"40357437","clientes_diarios":514.0,"precio_medio":37.425598467683415}
{"_id":{"$oid":"571786ca7fdc0dc3e0631319"},"direccion":{"edificio":"1269","coord":[-73.871194,40.6730975],"street":"Sutter Avenue","zipcode":"11208"},"barrio":"Brooklyn","cocina":"Chinese","grades":[{"fecha":{"$date":"2014-09-16T00:00:00.000Z"},"grado":"B","puntos":21},{"fecha":{"$date":"2013-08-28T00:00:00.000Z"},"grado":"A","puntos":7},{"fecha":{"$date":"2013-04-02T00:00:00.000Z"},"grado":"C","puntos":56},{"fecha":{"$date":"2012-08-15T00:00:00.000Z"},"grado":"B","puntos":27},{"fecha":{"$date":"2012-03-28T00:00:00.000Z"},"grado":"B","puntos":27}],"nombre":"May May Kitchen","restaurant_id":"40358429","clientes_diarios":830.0,"precio_medio":68.8069127017699}
{"_id":{"$oid":"571786ca7fdc0dc3e063131a"},"direccion":{"edificio":"1","coord":[-73.96926909999999,40.7685235],"street":"East   66 Street","zipcode":"10065"},"barrio":"Manhattan","cocina":"American ","grades":[{"fecha":{"$date":"2014-05-07T00:00:00.000Z"},"grado":"A","puntos":3},{"fecha":{"$date":"2013-05-03T00:00:00.000Z"},"grado":"A","puntos":4},{"fecha":{"$date":"2012-04-30T00:00:00.000Z"},"grado":"A","puntos":6},{"fecha":{"$date":"2011-12-27T00:00:00.000Z"},"grado":"A","puntos":0}],"nombre":"1 East 66Th Street Kitchen","restaurant_id":"40359480","clientes_diarios":137.0,"precio_medio":96.65309425284633}
{"_id":{"$oid":"571786ca7fdc0dc3e063131b"},"direccion":{"edificio":"705","coord":[-73.9653967,40.6064339],"street":"Kings Highway","zipcode":"11223"},"barrio":"Brooklyn","cocina":"Jewish/Kosher","grades":[{"fecha":{"$date":"2014-11-10T00:00:00.000Z"},"grado":"A","puntos":11},{"fecha":{"$date":"2013-10-10T00:00:00.000Z"},"grado":"A","puntos":13},{"fecha":{"$date":"2012-10-04T00:00:00.000Z"},"grado":"A","puntos":7},{"fecha":{"$date":"2012-05-21T00:00:00.000Z"},"grado":"A","puntos":9},{"fecha":{"$date":"2011-12-30T00:00:00.000Z"},"grado":"B","puntos":19}],"nombre":"Seuda Foods","restaurant_id":"40360045","clientes_diarios":298.0,"precio_medio":41.716598366547615}
{"_id":{"$oid":"571786ca7fdc0dc3e063131c"},"direccion":{"edificio":"265-15","coord":[-73.7032601,40.7386417],"street":"Hillside Avenue","zipcode":"11004"},"barrio":"Queens","cocina":"Ice Cream, Gelato, Yogurt, Ices","grades":[{"fecha":{"$date":"2014-10-28T00:00:00.000Z"},"grado":"A","puntos":9},{"fecha":{"$date":"2013-09-18T00:00:00.000Z"},"grado":"A","puntos":10},{"fecha":{"$date":"2012-09-20T00:00:00.000Z"},"grado":"A","puntos":13}],"nombre":"Carvel Ice Cream","restaurant_id":"40361322","clientes_diarios":600.0,"precio_medio":98.05382252080146}
{"_id":{"$oid":"571786ca7fdc0dc3e063131d"},"direccion":{"edificio":"6909","coord":[-74.0259567,40.6353674],"street":"3 Avenue","zipcode":"11209"},"barrio":"Brooklyn","cocina":"Delicatessen","grades":[{"fecha":{"$date":"2014-08-21T00:00:00.000Z"},"grado":"A","puntos":4},{"fecha":{"$date":"2014-03-05T00:00:00.000Z"},"grado":"A","puntos":3},{"fecha":{"$date":"2013-01-10T00:00:00.000Z"},"grado":"A","puntos":10}],"nombre":"Nordic Delicacies","restaurant_id":"40361390","clientes_diarios":681.0,"precio_medio":70.07861572052093}
{"_id":{"$oid":"571786ca7fdc0dc3e063131e"},"direccion":{"edificio":"203","coord":[-73.97822040000001,40.6435254],"street":"Church Avenue","zipcode":"11218"},"barrio":"Brooklyn","cocina":"Ice Cream, Gelato, Yogurt, Ices","grades":[{"fecha":{"$date":"2014-02-10T00:00:00.000Z"},"grado":"A","puntos":2},{"fecha":{"$date":"2013-01-02T00:00:00.000Z"},"grado":"A","puntos":13},{"fecha":{"$date":"2012-01-09T00:00:00.000Z"},"grado":"A","puntos":3},{"fecha":{"$date":"2011-11-07T00:00:00.000Z"},"grado":"P","puntos":12},{"fecha":{"$date":"2011-07-21T00:00:00.000Z"},"grado":"A","puntos":13}],"nombre":"Carvel Ice Cream","restaurant_id":"40360076","clientes_diarios":1074.0,"precio_medio":86.07581021829813}
{"_id":{"$oid":"571786ca7fdc0dc3e063131f"},"direccion":{"edificio":"284","coord":[-73.9829239,40.6580753],"street":"Prospect Park West","zipcode":"11215"},"barrio":"Brooklyn","cocina":"American ","grades":[{"fecha":{"$date":"2014-11-19T00:00:00.000Z"},"grado":"A","puntos":11},{"fecha":{"$date":"2013-11-14T00:00:00.000Z"},"grado":"A","puntos":2},{"fecha":{"$date":"2012-12-05T00:00:00.000Z"},"grado":"A","puntos":13},{"fecha":{"$date":"2012-05-17T00:00:00.000Z"},"grado":"A","puntos":11}],"nombre":"The Movable Feast","restaurant_id":"40361606","clientes_diarios":753.0,"precio_medio":66.90557224989134}
{"_id":{"$oid":"571786ca7fdc0dc3e0631320"},"direccion":{"edificio":"759","coord":[-73.9925306,40.7309346],"street":"Broadway","zipcode":"10003"},"barrio":"Manhattan","cocina":"Delicatessen","grades":[{"fecha":{"$date":"2014-01-21T00:00:00.000Z"},"grado":"A","puntos":12},{"fecha":{"$date":"2013-01-04T00:00:00.000Z"},"grado":"A","puntos":11},{"fecha":{"$date":"2012-06-07T00:00:00.000Z"},"grado":"A","puntos":6},{"fecha":{"$date":"2012-01-17T00:00:00.000Z"},"grado":"A","puntos":8}],"nombre":"Bully'S Deli","restaurant_id":"40361708","clientes_diarios":692.0,"precio_medio":20.12008852786174}
{"_id":{"$oid":"571786ca7fdc0dc3e0631321"},"direccion":{"edificio":"129-08","coord":[-73.839297,40.78147],"street":"20 Avenue","zipcode":"11356"},"barrio":"Queens","cocina":"Delicatessen","grades":[{"fecha":{"$date":"2014-08-16T00:00:00.000Z"},"grado":"A","puntos":12},{"fecha":{"$date":"2013-08-27T00:00:00.000Z"},"grado":"A","puntos":9},{"fecha":{"$date":"2012-09-20T00:00:00.000Z"},"grado":"A","puntos":7},{"fecha":{"$date":"2011-09-29T00:00:00.000Z"},"grado":"A","puntos":10}],"nombre":"Sal'S Deli","restaurant_id":"40361618","clientes_diarios":338.0,"precio_medio":37.088902142666}
{"_id":{"$oid":"571786ca7fdc0dc3e0631322"},"direccion":{"edificio":"3406","coord":[-73.94024739999999,40.7623288],"street":"10 Street","zipcode":"11106"},"barrio":"Queens","cocina":"Delicatessen","grades":[{"fecha":{"$date":"2014-03-19T00:00:00.000Z"},"grado":"A","puntos":3},{"fecha":{"$date":"2013-03-13T00:00:00.000Z"},"grado":"A","puntos":12},{"fecha":{"$date":"2012-03-27T00:00:00.000Z"},"grado":"A","puntos":8},{"fecha":{"$date":"2011-04-05T00:00:00.000Z"},"grado":"A","puntos":7}],"nombre":"Steve Chu'S Deli \u0026 Grocery","restaurant_id":"40361998","clientes_diarios":454.0,"precio_medio":83.66219711746227}
{"_id":{"$oid":"571786ca7fdc0dc3e0631323"},"direccion":{"edificio":"730","coord":[-73.96805719999999,40.7925587],"street":"Columbus Avenue","zipcode":"10025"},"barrio":"Manhattan","cocina":"American ","grades":[{"fecha":{"$date":"2014-09-12T00:00:00.000Z"},"grado":"B","puntos":26},{"fecha":{"$date":"2013-08-28T00:00:00.000Z"},"grado":"A","puntos":9},{"fecha":{"$date":"2013-03-25T00:00:00.000Z"},"grado":"B","puntos":20},{"fecha":{"$date":"2012-02-14T00:00:00.000Z"},"grado":"A","puntos":12}],"nombre":"P \u0026 S Deli Grocery","restaurant_id":"40362264","clientes_diarios":465.0,"precio_medio":75.8627850817791}
{"_id":{"$oid":"571786ca7fdc0dc3e0631324"},"direccion":{"edificio":"502","coord":[-73.976112,40.786714],"street":"Amsterdam Avenue","zipcode":"10024"},"barrio":"Manhattan","cocina":"Chicken","grades":[{"fecha":{"$date":"2014-09-15T00:00:00.000Z"},"grado":"A","puntos":10},{"fecha":{"$date":"2014-03-04T00:00:00.000Z"},"grado":"A","puntos":13},{"fecha":{"$date":"2013-07-18T00:00:00.000Z"},"grado":"A","puntos":13},{"fecha":{"$date":"2013-01-09T00:00:00.000Z"},"grado":"A","puntos":11},{"fecha":{"$date":"2012-04-10T00:00:00.000Z"},"grado":"A","puntos":10},{"fecha":{"$date":"2011-11-15T00:00:00.000Z"},"grado":"A","puntos":7}],"nombre":"Harriet'S Kitchen","restaurant_id":"40362098","clientes_diarios":532.0,"precio_medio":103.73218338558934}
{"_id":{"$oid":"571786ca7fdc0dc3e0631325"},"direccion":{"edificio":"60","coord":[-74.0085357,40.70620539999999],"street":"Wall Street","zipcode":"10005"},"barrio":"Manhattan","cocina":"Turkish","grades":[{"fecha":{"$date":"2014-09-26T00:00:00.000Z"},"grado":"A","puntos":9},{"fecha":{"$date":"2013-09-18T00:00:00.000Z"},"grado":"A","puntos":13},{"fecha":{"$date":"2012-09-21T00:00:00.000Z"},"grado":"A","puntos":9},{"fecha":{"$date":"2012-05-09T00:00:00.000Z"},"grado":"A","puntos":11}],"nombre":"The Country Cafe","restaurant_id":"40362715","clientes_diarios":738.0,"precio_medio":57.019083436058665}
{"_id":{"$oid":"571786ca7fdc0dc3e0631326"},"direccion":{"edificio":"531","coord":[-73.9634876,40.6940001],"street":"Myrtle Avenue","zipcode":"11205"},"barrio":"Brooklyn","cocina":"Hamburgers","grades":[{"fecha":{"$date":"2014-03-18T00:00:00.000Z"},"grado":"A","puntos":8},{"fecha":{"$date":"2013-03-18T00:00:00.000Z"},"grado":"A","puntos":8},{"fecha":{"$date":"2012-10-10T00:00:00.000Z"},"grado":"A","puntos":7},{"fecha":{"$date":"2011-09-22T00:00:00.000Z"},"grado":"A","puntos":2}],"nombre":"White Castle","restaurant_id":"40362344","clientes_diarios":176.0,"precio_medio":16.138813966327387}
{"_id":{"$oid":"571786ca7fdc0dc3e0631327"},"direccion":{"edificio":"18","coord":[-73.996984,40.72589],"street":"West Houston Street","zipcode":"10012"},"barrio":"Manhattan","cocina":"American ","grades":[{"fecha":{"$date":"2014-04-03T00:00:00.000Z"},"grado":"A","puntos":9},{"fecha":{"$date":"2013-04-05T00:00:00.000Z"},"grado":"A","puntos":4},{"fecha":{"$date":"2012-03-21T00:00:00.000Z"},"grado":"A","puntos":13},{"fecha":{"$date":"2011-04-27T00:00:00.000Z"},"grado":"A","puntos":5}],"nombre":"Angelika Film Center","restaurant_id":"40362274","clientes_diarios":636.0,"precio_medio":63.838034515181334}
{"_id":{"$oid":"571786ca7fdc0dc3e0631328"},"direccion":{"edificio":"107","coord":[-74.00920839999999,40.7132925],"street":"Church Street","zipcode":"10007"},"barrio":"Manhattan","cocina":"American ","grades":[{"fecha":{"$date":"2014-07-18T00:00:00.000Z"},"grado":"A","puntos":12},{"fecha":{"$date":"2014-02-26T00:00:00.000Z"},"grado":"A","puntos":9},{"fecha":{"$date":"2013-08-26T00:00:00.000Z"},"grado":"A","puntos":9},{"fecha":{"$date":"2013-02-01T00:00:00.000Z"},"grado":"A","puntos":12},{"fecha":{"$date":"2012-01-17T00:00:00.000Z"},"grado":"A","puntos":13},{"fecha":{"$date":"2011-10-18T00:00:00.000Z"},"grado":"A","puntos":11}],"nombre":"Downtown Deli","restaurant_id":"40363021","clientes_diarios":670.0,"precio_medio":77.64748796498404}
{"_id":{"$oid":"571786ca7fdc0dc3e0631329"},"direccion":{"edificio":"103-05","coord":[-73.8642349,40.75356],"street":"37 Avenue","zipcode":"11368"},"barrio":"Queens","cocina":"Chinese","grades":[{"fecha":{"$date":"2014-04-21T00:00:00.000Z"},"grado":"A","puntos":10},{"fecha":{"$date":"2013-11-12T00:00:00.000Z"},"grado":"A","puntos":5},{"fecha":{"$date":"2013-06-04T00:00:00.000Z"},"grado":"A","puntos":12},{"fecha":{"$date":"2012-11-14T00:00:00.000Z"},"grado":"A","puntos":10},{"fecha":{"$date":"2012-10-11T00:00:00.000Z"},"grado":"P","puntos":0},{"fecha":{"$date":"2012-05-24T00:00:00.000Z"},"grado":"A","puntos":13},{"fecha":{"$date":"2011-12-08T00:00:00.000Z"},"grado":"A","puntos":12},{"fecha":{"$date":"2011-07-20T00:00:00.000Z"},"grado":"A","puntos":11}],"nombre":"Ho Mei Restaurant","restaurant_id":"40362432","clientes_diarios":822.0,"precio_medio":35.981936078901825}
{"_id":{"$oid":"571786ca7fdc0dc3e063132a"},"direccion":{"edificio":"522","coord":[-73.95171,40.767461],"street":"East   74 Street","zipcode":"10021"},"barrio":"Manhattan","cocina":"American ","grades":[{"fecha":{"$date":"2014-09-02T00:00:00.000Z"},"grado":"A","puntos":12},{"fecha":{"$date":"2013-12-19T00:00:00.000Z"},"grado":"B","puntos":16},{"fecha":{"$date":"2013-05-28T00:00:00.000Z"},"grado":"A","puntos":9},{"fecha":{"$date":"2012-12-07T00:00:00.000Z"},"grado":"A","puntos":13},{"fecha":{"$date":"2012-03-29T00:00:00.000Z"},"grado":"A","puntos":11}],"nombre":"Glorious Food","restaurant_id":"40361521","clientes_diarios":1029.0,"precio_medio":78.82106496336071}
{"_id":{"$oid":"571786ca7fdc0dc3e063132b"},"direccion":{"edificio":"1006","coord":[-73.84856870000002,40.8903781],"street":"East 233 Street","zipcode":"10466"},"barrio":"Bronx","cocina":"Ice Cream, Gelato, Yogurt, Ices","grades":[{"fecha":{"$date":"2014-04-24T00:00:00.000Z"},"grado":"A","puntos":10},{"fecha":{"$date":"2013-09-05T00:00:00.000Z"},"grado":"A","puntos":10},{"fecha":{"$date":"2013-02-21T00:00:00.000Z"},"grado":"A","puntos":9},{"fecha":{"$date":"2012-07-03T00:00:00.000Z"},"grado":"A","puntos":11},{"fecha":{"$date":"2011-07-11T00:00:00.000Z"},"grado":"A","puntos":5}],"nombre":"Carvel Ice Cream","restaurant_id":"40363093","clientes_diarios":997.0,"precio_medio":17.48897221515881}
{"_id":{"$oid":"571786ca7fdc0dc3e063132c"},"direccion":{"edificio":"1236","coord":[-73.8893654,40.81376179999999],"street":"238 Spofford Ave","zipcode":"10474"},"barrio":"Bronx","cocina":"Chinese","grades":[{"fecha":{"$date":"2013-12-30T00:00:00.000Z"},"grado":"A","puntos":8},{"fecha":{"$date":"2013-01-08T00:00:00.000Z"},"grado":"A","puntos":10},{"fecha":{"$date":"2012-06-12T00:00:00.000Z"},"grado":"B","puntos":15}],"nombre":"Happy Garden","restaurant_id":"40363289","clientes_diarios":837.0,"precio_medio":98.16261145330765}
{"_id":{"$oid":"571786ca7fdc0dc3e063132d"},"direccion":{"edificio":"625","coord":[-73.990494,40.7569545],"street":"8 Avenue","zipcode":"10018"},"barrio":"Manhattan","cocina":"American ","grades":[{"fecha":{"$date":"2014-06-09T00:00:00.000Z"},"grado":"A","puntos":12},{"fecha":{"$date":"2014-01-10T00:00:00.000Z"},"grado":"A","puntos":9},{"fecha":{"$date":"2012-12-07T00:00:00.000Z"},"grado":"A","puntos":4},{"fecha":{"$date":"2011-12-13T00:00:00.000Z"},"grado":"A","puntos":9},{"fecha":{"$date":"2011-09-09T00:00:00.000Z"},"grado":"A","puntos":13}],"nombre":"Cafe Metro","restaurant_id":"40363298","clientes_diarios":143.0,"precio_medio":58.66224844865458}
{"_id":{"$oid":"571786ca7fdc0dc3e063132e"},"direccion":{"edificio":"405","coord":[-73.97534999999999,40.7516269],"street":"Lexington Avenue","zipcode":"10174"},"barrio":"Manhattan","cocina":"Sandwiches/Salads/Mixed Buffet","grades":[{"fecha":{"$date":"2014-02-21T00:00:00.000Z"},"grado":"A","puntos":3},{"fecha":{"$date":"2013-09-13T00:00:00.000Z"},"grado":"A","puntos":3},{"fecha":{"$date":"2012-08-28T00:00:00.000Z"},"grado":"A","puntos":0},{"fecha":{"$date":"2011-09-13T00:00:00.000Z"},"grado":"A","puntos":12},{"fecha":{"$date":"2011-05-03T00:00:00.000Z"},"grado":"A","puntos":5}],"nombre":"Lexler Deli","restaurant_id":"40363426","clientes_diarios":368.0,"precio_medio":46.37498031379435}
{"_id":{"$oid":"571786ca7fdc0dc3e063132f"},"direccion":{"edificio":"2491","coord":[-74.1459332,40.6103714],"street":"Victory Boulevard","zipcode":"10314"},"barrio":"Staten Island","cocina":"Delicatessen","grades":[{"fecha":{"$date":"2015-01-09T00:00:00.000Z"},"grado":"A","puntos":3},{"fecha":{"$date":"2013-12-05T00:00:00.000Z"},"grado":"A","puntos":10},{"fecha":{"$date":"2013-06-19T00:00:00.000Z"},"grado":"A","puntos":10},{"fecha":{"$date":"2013-01-08T00:00:00.000Z"},"grado":"A","puntos":11}],"nombre":"Bagels N Buns","restaurant_id":"40363427","clientes_diarios":500.0,"precio_medio":13.797439666394402}
{"_id":{"$oid":"571786ca7fdc0dc3e0631330"},"direccion":{"edificio":"1069","coord":[-73.902463,40.694924],"street":"Wyckoff Avenue","zipcode":"11385"},"barrio":"Queens","cocina":"Delicatessen","grades":[{"fecha":{"$date":"2014-05-08T00:00:00.000Z"},"grado":"A","puntos":11},{"fecha":{"$date":"2013-12-12T00:00:00.000Z"},"grado":"A","puntos":8},{"fecha":{"$date":"2013-06-21T00:00:00.000Z"},"grado":"A","puntos":12},{"fecha":{"$date":"2012-12-24T00:00:00.000Z"},"grado":"B","puntos":25},{"fecha":{"$date":"2011-10-19T00:00:00.000Z"},"grado":"A","puntos":11},{"fecha":{"$date":"2011-06-15T00:00:00.000Z"},"grado":"A","puntos":10}],"nombre":"Tony'S Deli","restaurant_id":"40363333","clientes_diarios":699.0,"precio_medio":29.853565675983404}
{"_id":{"$oid":"571786ca7fdc0dc3e0631331"},"direccion":{"edificio":"120","coord":[-73.9998042,40.7251256],"street":"Prince Street","zipcode":"10012"},"barrio":"Manhattan","cocina":"Bakery","grades":[{"fecha":{"$date":"2014-10-17T00:00:00.000Z"},"grado":"A","puntos":11},{"fecha":{"$date":"2013-09-18T00:00:00.000Z"},"grado":"A","puntos":13},{"fecha":{"$date":"2013-04-30T00:00:00.000Z"},"grado":"A","puntos":7},{"fecha":{"$date":"2012-04-20T00:00:00.000Z"},"grado":"A","puntos":7},{"fecha":{"$date":"2011-12-19T00:00:00.000Z"},"grado":"A","puntos":3}],"nombre":"Olive'S","restaurant_id":"40363151","clientes_diarios":599.0,"precio_medio":79.61636747548009}
{"_id":{"$oid":"571786ca7fdc0dc3e0631332"},"direccion":{"edificio":"7615","coord":[-74.0228449,40.6281815],"street":"5 Avenue","zipcode":"11209"},"barrio":"Brooklyn","cocina":"American ","grades":[{"fecha":{"$date":"2014-12-04T00:00:00.000Z"},"grado":"A","puntos":10},{"fecha":{"$date":"2013-10-24T00:00:00.000Z"},"grado":"A","puntos":11},{"fecha":{"$date":"2013-04-18T00:00:00.000Z"},"grado":"A","puntos":5},{"fecha":{"$date":"2012-04-05T00:00:00.000Z"},"grado":"A","puntos":13}],"nombre":"Mejlander \u0026 Mulgannon","restaurant_id":"40363117","clientes_diarios":186.0,"precio_medio":54.89639435510488}
{"_id":{"$oid":"571786ca7fdc0dc3e0631333"},"direccion":{"edificio":"7905","coord":[-73.8740217,40.7135015],"street":"Metropolitan Avenue","zipcode":"11379"},"barrio":"Queens","cocina":"Bagels/Pretzels","grades":[{"fecha":{"$date":"2014-09-17T00:00:00.000Z"},"grado":"A","puntos":10},{"fecha":{"$date":"2014-01-16T00:00:00.000Z"},"grado":"B","puntos":23},{"fecha":{"$date":"2013-08-07T00:00:00.000Z"},"grado":"A","puntos":10},{"fecha":{"$date":"2013-02-21T00:00:00.000Z"},"grado":"B","puntos":27},{"fecha":{"$date":"2012-06-20T00:00:00.000Z"},"grado":"B","puntos":27},{"fecha":{"$date":"2012-01-31T00:00:00.000Z"},"grado":"B","puntos":18}],"nombre":"Hot Bagels","restaurant_id":"40363565","clientes_diarios":600.0,"precio_medio":79.82113554196837}
{"_id":{"$oid":"571786ca7fdc0dc3e0631334"},"direccion":{"edificio":"87-69","coord":[-73.8309503,40.7001121],"street":"Lefferts Boulevard","zipcode":"11418"},"barrio":"Queens","cocina":"American ","grades":[{"fecha":{"$date":"2014-02-25T00:00:00.000Z"},"grado":"A","puntos":7},{"fecha":{"$date":"2013-08-14T00:00:00.000Z"},"grado":"A","puntos":11},{"fecha":{"$date":"2012-08-07T00:00:00.000Z"},"grado":"A","puntos":7},{"fecha":{"$date":"2012-03-26T00:00:00.000Z"},"grado":"A","puntos":10},{"fecha":{"$date":"2011-11-04T00:00:00.000Z"},"grado":"A","puntos":0},{"fecha":{"$date":"2011-06-29T00:00:00.000Z"},"grado":"A","puntos":4}],"nombre":"Snack Time Grill","restaurant_id":"40363590","clientes_diarios":603.0,"precio_medio":52.554274324568226}
{"_id":{"$oid":"571786ca7fdc0dc3e0631335"},"direccion":{"edificio":"1418","coord":[-73.95685019999999,40.7753401],"street":"Third Avenue","zipcode":"10028"},"barrio":"Manhattan","cocina":"Continental","grades":[{"fecha":{"$date":"2014-06-02T00:00:00.000Z"},"grado":"A","puntos":9},{"fecha":{"$date":"2013-12-27T00:00:00.000Z"},"grado":"A","puntos":8},{"fecha":{"$date":"2013-03-18T00:00:00.000Z"},"grado":"B","puntos":26},{"fecha":{"$date":"2012-02-01T00:00:00.000Z"},"grado":"A","puntos":7},{"fecha":{"$date":"2011-07-06T00:00:00.000Z"},"grado":"B","puntos":25}],"nombre":"Lorenzo \u0026 Maria'S","restaurant_id":"40363630","clientes_diarios":759.0,"precio_medio":39.76412147560517}
{"_id":{"$oid":"571786ca7fdc0dc3e0631336"},"direccion":{"edificio":"464","coord":[-73.9791458,40.744328],"street":"3 Avenue","zipcode":"10016"},"barrio":"Manhattan","cocina":"Pizza","grades":[{"fecha":{"$date":"2014-08-05T00:00:00.000Z"},"grado":"A","puntos":3},{"fecha":{"$date":"2014-03-06T00:00:00.000Z"},"grado":"A","puntos":11},{"fecha":{"$date":"2013-07-09T00:00:00.000Z"},"grado":"A","puntos":12},{"fecha":{"$date":"2013-01-30T00:00:00.000Z"},"grado":"A","puntos":4},{"fecha":{"$date":"2012-01-05T00:00:00.000Z"},"grado":"A","puntos":2},{"fecha":{"$date":"2011-09-26T00:00:00.000Z"},"grado":"A","puntos":0}],"nombre":"Domino'S Pizza","restaurant_id":"40363644","clientes_diarios":415.0,"precio_medio":21.619152449491803}
{"_id":{"$oid":"571786ca7fdc0dc3e0631337"},"direccion":{"edificio":"437","coord":[-73.975393,40.757365],"street":"Madison Avenue","zipcode":"10022"},"barrio":"Manhattan","cocina":"American ","grades":[{"fecha":{"$date":"2014-06-03T00:00:00.000Z"},"grado":"A","puntos":9},{"fecha":{"$date":"2013-06-07T00:00:00.000Z"},"grado":"A","puntos":5},{"fecha":{"$date":"2012-06-29T00:00:00.000Z"},"grado":"A","puntos":12},{"fecha":{"$date":"2012-02-06T00:00:00.000Z"},"grado":"A","puntos":11},{"fecha":{"$date":"2011-06-23T00:00:00.000Z"},"grado":"A","puntos":13}],"nombre":"Berkely","restaurant_id":"40363685","clientes_diarios":622.0,"precio_medio":33.81594444514114}
{"_id":{"$oid":"571786ca7fdc0dc3e0631338"},"direccion":{"edificio":"1031","coord":[-73.9075537,40.6438684],"street":"East   92 Street","zipcode":"11236"},"barrio":"Brooklyn","cocina":"American ","grades":[{"fecha":{"$date":"2014-02-05T00:00:00.000Z"},"grado":"A","puntos":0},{"fecha":{"$date":"2013-01-29T00:00:00.000Z"},"grado":"A","puntos":3},{"fecha":{"$date":"2011-12-08T00:00:00.000Z"},"grado":"A","puntos":10}],"nombre":"Sonny'S Heros","restaurant_id":"40363744","clientes_diarios":547.0,"precio_medio":21.090157040536113}
{"_id":{"$oid":"571786ca7fdc0dc3e0631339"},"direccion":{"edificio":"1111","coord":[-74.0796436,40.59878339999999],"street":"Hylan Boulevard","zipcode":"10305"},"barrio":"Staten Island","cocina":"Ice Cream, Gelato, Yogurt, Ices","grades":[{"fecha":{"$date":"2014-04-24T00:00:00.000Z"},"grado":"A","puntos":12},{"fecha":{"$date":"2013-02-26T00:00:00.000Z"},"grado":"A","puntos":5},{"fecha":{"$date":"2012-02-02T00:00:00.000Z"},"grado":"A","puntos":2}],"nombre":"Carvel Ice Cream","restaurant_id":"40363834","clientes_diarios":803.0,"precio_medio":75.14157978779649}
{"_id":{"$oid":"571786ca7fdc0dc3e063133a"},"direccion":{"edificio":"148","coord":[-73.9806854,40.7778589],"street":"West   72 Street","zipcode":"10023"},"barrio":"Manhattan","cocina":"Pizza","grades":[{"fecha":{"$date":"2014-12-08T00:00:00.000Z"},"grado":"A","puntos":13},{"fecha":{"$date":"2014-05-05T00:00:00.000Z"},"grado":"B","puntos":18},{"fecha":{"$date":"2013-04-05T00:00:00.000Z"},"grado":"A","puntos":13},{"fecha":{"$date":"2012-03-30T00:00:00.000Z"},"grado":"A","puntos":9}],"nombre":"Domino'S Pizza","restaurant_id":"40363945","clientes_diarios":404.0,"precio_medio":39.755400897412024}
{"_id":{"$oid":"571786ca7fdc0dc3e063133b"},"direccion":{"edificio":"56","coord":[-73.991495,40.692273],"street":"Court Street","zipcode":"11201"},"barrio":"Brooklyn","cocina":"Donuts","grades":[{"fecha":{"$date":"2014-12-30T00:00:00.000Z"},"grado":"A","puntos":8},{"fecha":{"$date":"2014-01-15T00:00:00.000Z"},"grado":"A","puntos":9},{"fecha":{"$date":"2013-01-08T00:00:00.000Z"},"grado":"A","puntos":11},{"fecha":{"$date":"2012-01-19T00:00:00.000Z"},"grado":"A","puntos":10}],"nombre":"Dunkin' Donuts","restaurant_id":"40363098","clientes_diarios":401.0,"precio_medio":53.361821974911656}
{"_id":{"$oid":"571786ca7fdc0dc3e063133c"},"direccion":{"edificio":"277","coord":[-73.8941893,40.8634684],"street":"East Kingsbridge Road","zipcode":"10458"},"barrio":"Bronx","cocina":"Chinese","grades":[{"fecha":{"$date":"2014-03-03T00:00:00.000Z"},"grado":"A","puntos":10},{"fecha":{"$date":"2013-09-26T00:00:00.000Z"},"grado":"A","puntos":10},{"fecha":{"$date":"2013-03-19T00:00:00.000Z"},"grado":"A","puntos":10},{"fecha":{"$date":"2012-08-29T00:00:00.000Z"},"grado":"A","puntos":11},{"fecha":{"$date":"2011-08-17T00:00:00.000Z"},"grado":"A","puntos":13}],"nombre":"Happy Garden","restaurant_id":"40364296","clientes_diarios":496.0,"precio_medio":89.53741730913683}
{"_id":{"$oid":"571786ca7fdc0dc3e063133d"},"direccion":{"edificio":"203","coord":[-74.15235919999999,40.5563756],"street":"Giffords Lane","zipcode":"10308"},"barrio":"Staten Island","cocina":"Delicatessen","grades":[{"fecha":{"$date":"2015-01-05T00:00:00.000Z"},"grado":"A","puntos":4},{"fecha":{"$date":"2014-09-11T00:00:00.000Z"},"grado":"C","puntos":39},{"fecha":{"$date":"2014-03-20T00:00:00.000Z"},"grado":"A","puntos":12},{"fecha":{"$date":"2013-01-24T00:00:00.000Z"},"grado":"A","puntos":13},{"fecha":{"$date":"2012-05-23T00:00:00.000Z"},"grado":"A","puntos":10}],"nombre":"B \u0026 M Hot Bagel \u0026 Grocery","restaurant_id":"40364299","clientes_diarios":203.0,"precio_medio":86.643268037569}
{"_id":{"$oid":"571786ca7fdc0dc3e063133e"},"direccion":{"edificio":"364","coord":[-73.96084119999999,40.8014307],"street":"West  110 Street","zipcode":"10025"},"barrio":"Manhattan","cocina":"American ","grades":[{"fecha":{"$date":"2014-09-04T00:00:00.000Z"},"grado":"B","puntos":20},{"fecha":{"$date":"2014-02-26T00:00:00.000Z"},"grado":"B","puntos":23},{"fecha":{"$date":"2013-03-25T00:00:00.000Z"},"grado":"A","puntos":12},{"fecha":{"$date":"2012-02-21T00:00:00.000Z"},"grado":"A","puntos":8}],"nombre":"Spoon Bread Catering","restaurant_id":"40364179","clientes_diarios":442.0,"precio_medio":10.287426343967706}
